planner,selected_score,selected_model_return,selected_true_return,samples_evaluated,first_action,selected_tail_gap,elite_model_error_mean,elite_pocket_mean,elite_disagreement_mean,elite_diversity,proposal_drift,proposal_std_mean,config,seed,optimal_true_return,optimal_first_action,repair,regret,label
random_shooting,5.4228729493268615,5.4228729493268615,-4.003743477964621,256,-0.7223083169710582,9.42661642729148,4.8150486394919545,0.3114641891773489,0.7841662758514509,0.5797908747597592,0.3827540580252522,0.5797908747597592,"{'horizon': 8, 'action_dim': 1, 'action_low': -1.0, 'action_high': 1.0, 'population': 256, 'elite_fraction': 0.1, 'iterations': 5, 'seed': 0, 'init_std': 0.82, 'min_std': 0.035, 'momentum': 0.0}",0,7.806723638728116,1.0,,11.810467116692738,random shooting
static_proposal,5.970182642046026,5.970182642046026,5.970182642042971,256,1.0,3.055333763768431e-12,5.397412630828009,0.3475748375470118,0.8937774959209747,0.6500117620745618,0.5022137833546705,0.6500117620745618,"{'horizon': 8, 'action_dim': 1, 'action_low': -1.0, 'action_high': 1.0, 'population': 256, 'elite_fraction': 0.1, 'iterations': 5, 'seed': 0, 'init_std': 0.82, 'min_std': 0.035, 'momentum': 0.0}",0,7.806723638728116,1.0,,1.8365409966851451,static proposal
static_equal_budget,6.438551295083792,6.438551295083792,-4.535374782225935,1280,-0.6242789700484963,10.973926077309727,4.337507692798541,0.2812121969006464,0.7358611165998221,0.6633367847454583,0.277445542260602,0.6633367847454583,"{'horizon': 8, 'action_dim': 1, 'action_low': -1.0, 'action_high': 1.0, 'population': 1280, 'elite_fraction': 0.1, 'iterations': 5, 'seed': 0, 'init_std': 0.82, 'min_std': 0.035, 'momentum': 0.0}",0,7.806723638728116,1.0,,12.342098420954052,equal-budget static
cem,7.091103296631345,7.091103296631345,-5.101118757133571,1280,-1.0,12.192222053764915,11.381480943836795,0.7100525375036403,1.7025850851629714,0.2072958871468143,1.1618003869575062,0.2072958871468143,"{'horizon': 8, 'action_dim': 1, 'action_low': -1.0, 'action_high': 1.0, 'population': 256, 'elite_fraction': 0.1, 'iterations': 5, 'seed': 0, 'init_std': 0.82, 'min_std': 0.035, 'momentum': 0.0}",0,7.806723638728116,1.0,none,12.907842395861689,vanilla CEM
cem_uncertainty,7.459412770714753,7.505045011488677,7.505045011482094,1280,0.9021330963375996,6.583178446817328e-12,2.3657400824652963e-10,2.7039947649059313e-13,0.0366727147963511,0.1327814447683561,1.6884288805367142,0.1327814447683561,"{'horizon': 8, 'action_dim': 1, 'action_low': -1.0, 'action_high': 1.0, 'population': 256, 'elite_fraction': 0.1, 'iterations': 5, 'seed': 0, 'init_std': 0.82, 'min_std': 0.035, 'momentum': 0.0}",0,7.806723638728116,1.0,uncertainty_pessimism,0.3016786272460221,uncertainty CEM
cem_diversity,6.794284035538985,6.794284035538985,-5.6587912784524725,1280,-0.3756257781227456,12.45307531399146,9.83627469177788,0.6200242991284793,1.5105285379322988,0.2998289903053891,1.2053043143150095,0.2998289903053891,"{'horizon': 8, 'action_dim': 1, 'action_low': -1.0, 'action_high': 1.0, 'population': 256, 'elite_fraction': 0.1, 'iterations': 5, 'seed': 0, 'init_std': 0.82, 'min_std': 0.035, 'momentum': 0.0}",0,7.806723638728116,1.0,elite_diversity_floor,13.465514917180588,diversity floor
cem_veto,7.5312735194567555,7.5312735194567555,7.531273519448581,1280,0.935253234877125,8.174794174919953e-12,7.853423894105688e-11,2.21022688424316e-14,0.0355754887592929,0.1168701827515314,1.6950580570099385,0.1168701827515314,"{'horizon': 8, 'action_dim': 1, 'action_low': -1.0, 'action_high': 1.0, 'population': 256, 'elite_fraction': 0.1, 'iterations': 5, 'seed': 0, 'init_std': 0.82, 'min_std': 0.035, 'momentum': 0.0}",0,7.806723638728116,1.0,model_disagreement_veto,0.2754501192795358,disagreement veto
cem_shadow,6.601210415398047,7.321743212803761,-6.235267969523081,1280,-0.3149665029412319,13.557011182326844,11.54242805846467,0.7163858508136076,1.7083117326528416,0.1890498172898198,1.1313199218192755,0.1890498172898198,"{'horizon': 8, 'action_dim': 1, 'action_low': -1.0, 'action_high': 1.0, 'population': 256, 'elite_fraction': 0.1, 'iterations': 5, 'seed': 0, 'init_std': 0.82, 'min_std': 0.035, 'momentum': 0.0}",0,7.806723638728116,1.0,shadow_realism,14.041991608251198,shadow realism
cem_conservative,6.082053081998008,6.082053081998008,6.082053081997636,1280,1.0,3.721467578543525e-13,1.1678652388948123,0.0778054367429401,0.2703600845255131,0.7062906156524096,1.1959987204003182,1.2713231081743377,"{'horizon': 8, 'action_dim': 1, 'action_low': -1.0, 'action_high': 1.0, 'population': 256, 'elite_fraction': 0.1, 'iterations': 5, 'seed': 0, 'init_std': 0.82, 'min_std': 0.035, 'momentum': 0.0}",0,7.806723638728116,1.0,conservative_refit_temperature,1.724670556730481,conservative CEM
cem_pilot_calibrated,7.592990944477734,7.592990944477734,7.592990944473758,1280,0.9550637303386194,3.975486606577761e-12,1.5075803853156124e-11,2.3309735764231278e-15,0.0350648341552511,0.1008307302279439,1.7157738818912605,0.1008307302279439,"{'horizon': 8, 'action_dim': 1, 'action_low': -1.0, 'action_high': 1.0, 'population': 256, 'elite_fraction': 0.1, 'iterations': 5, 'seed': 0, 'init_std': 0.82, 'min_std': 0.035, 'momentum': 0.0}",0,7.806723638728116,1.0,pilot_label_calibration,0.2137326942543582,pilot calibrated
cem_combined_repair,7.107535982406736,7.197386284375344,7.19738628437319,1280,1.0,2.153832667772804e-12,6.21055753832969e-10,6.091102530645652e-13,0.0492811367968338,0.2528156661652013,1.7424804469263122,0.3665827159395418,"{'horizon': 8, 'action_dim': 1, 'action_low': -1.0, 'action_high': 1.0, 'population': 256, 'elite_fraction': 0.1, 'iterations': 5, 'seed': 0, 'init_std': 0.82, 'min_std': 0.035, 'momentum': 0.0}",0,7.806723638728116,1.0,combined,0.6093373543549268,combined repair
random_shooting,6.227444717847608,6.227444717847608,-3.9717331266868863,256,-0.9475113585303554,10.199177844534494,4.7496877540869935,0.3058856175853944,0.789590896421559,0.5854049040285761,0.3826871889444206,0.5854049040285761,"{'horizon': 8, 'action_dim': 1, 'action_low': -1.0, 'action_high': 1.0, 'population': 256, 'elite_fraction': 0.1, 'iterations': 5, 'seed': 1, 'init_std': 0.82, 'min_std': 0.035, 'momentum': 0.0}",1,7.807111736209965,1.0,,11.77884486289685,random shooting
static_proposal,5.035784146760007,5.035784146760007,-3.899725457633824,256,-1.0,8.93550960439383,4.239804759338434,0.2758641875037974,0.7043646980062799,0.6885528856959311,0.3128605503408393,0.6885528856959311,"{'horizon': 8, 'action_dim': 1, 'action_low': -1.0, 'action_high': 1.0, 'population': 256, 'elite_fraction': 0.1, 'iterations': 5, 'seed': 1, 'init_std': 0.82, 'min_std': 0.035, 'momentum': 0.0}",1,7.807111736209965,1.0,,11.70683719384379,static proposal
static_equal_budget,5.379303117412365,5.379303117412365,-3.9021179592874455,1280,-0.9543834018764022,9.28142107669981,4.742335586974815,0.3041137571632186,0.7764662064759994,0.6640042705238527,0.2465879174933679,0.6640042705238527,"{'horizon': 8, 'action_dim': 1, 'action_low': -1.0, 'action_high': 1.0, 'population': 1280, 'elite_fraction': 0.1, 'iterations': 5, 'seed': 1, 'init_std': 0.82, 'min_std': 0.035, 'momentum': 0.0}",1,7.807111736209965,1.0,,11.70922969549741,equal-budget static
cem,7.427490575132269,7.427490575132269,-5.813959027738042,1280,-1.0,13.241449602870311,10.20752065123219,0.6451615714384655,1.5257645801787676,0.278208536814123,1.1010743779093228,0.278208536814123,"{'horizon': 8, 'action_dim': 1, 'action_low': -1.0, 'action_high': 1.0, 'population': 256, 'elite_fraction': 0.1, 'iterations': 5, 'seed': 1, 'init_std': 0.82, 'min_std': 0.035, 'momentum': 0.0}",1,7.807111736209965,1.0,none,13.621070763948008,vanilla CEM
cem_uncertainty,7.396062742397831,7.441003403448876,7.441003403433468,1280,0.8512754864308079,1.5408119224957773e-11,2.048552780400734e-11,3.508840447284875e-15,0.0349354189163118,0.0988689967447896,1.6781504819653357,0.0988689967447896,"{'horizon': 8, 'action_dim': 1, 'action_low': -1.0, 'action_high': 1.0, 'population': 256, 'elite_fraction': 0.1, 'iterations': 5, 'seed': 1, 'init_std': 0.82, 'min_std': 0.035, 'momentum': 0.0}",1,7.807111736209965,1.0,uncertainty_pessimism,0.3661083327764967,uncertainty CEM
cem_diversity,6.949010211803696,6.949010211803696,-5.514004262305056,1280,-1.0,12.463014474108752,9.429861115058529,0.5979108168185131,1.419927314083546,0.3328158834607835,1.0966396807398724,0.3328158834607835,"{'horizon': 8, 'action_dim': 1, 'action_low': -1.0, 'action_high': 1.0, 'population': 256, 'elite_fraction': 0.1, 'iterations': 5, 'seed': 1, 'init_std': 0.82, 'min_std': 0.035, 'momentum': 0.0}",1,7.807111736209965,1.0,elite_diversity_floor,13.32111599851502,diversity floor
cem_veto,7.588078739283902,7.588078739283902,7.5880787392683215,1280,0.9035997509858013,1.5580425838379597e-11,1.5330608577484712e-11,1.778710913054159e-15,0.0335281447209579,0.0778028627383714,1.6878865013629951,0.0778028627383714,"{'horizon': 8, 'action_dim': 1, 'action_low': -1.0, 'action_high': 1.0, 'population': 256, 'elite_fraction': 0.1, 'iterations': 5, 'seed': 1, 'init_std': 0.82, 'min_std': 0.035, 'momentum': 0.0}",1,7.807111736209965,1.0,model_disagreement_veto,0.2190329969416433,disagreement veto
cem_shadow,6.96649291607975,7.063989922156828,7.063989922154013,1280,1.0,2.814637412029697e-12,2.3828237468629478e-08,2.2903404791791478e-10,0.042399409606559,0.1948565112983071,1.6541023365959182,0.1948565112983071,"{'horizon': 8, 'action_dim': 1, 'action_low': -1.0, 'action_high': 1.0, 'population': 256, 'elite_fraction': 0.1, 'iterations': 5, 'seed': 1, 'init_std': 0.82, 'min_std': 0.035, 'momentum': 0.0}",1,7.807111736209965,1.0,shadow_realism,0.7431218140559519,shadow realism
cem_conservative,5.82449911103716,5.82449911103716,5.824499111024469,1280,0.9270629876004264,1.269118143909509e-11,0.9646474388835288,0.0648915977107064,0.2267970741188268,0.6242924497424944,1.2943746708195505,1.12372640953649,"{'horizon': 8, 'action_dim': 1, 'action_low': -1.0, 'action_high': 1.0, 'population': 256, 'elite_fraction': 0.1, 'iterations': 5, 'seed': 1, 'init_std': 0.82, 'min_std': 0.035, 'momentum': 0.0}",1,7.807111736209965,1.0,conservative_refit_temperature,1.982612625185496,conservative CEM
cem_pilot_calibrated,7.552593011580496,7.552593011580496,7.552593011570087,1280,0.916464296325763,1.0408562900465768e-11,1.4567048422210203e-11,2.250112009437264e-15,0.033515339598736,0.0756662074453352,1.6912847130688928,0.0756662074453352,"{'horizon': 8, 'action_dim': 1, 'action_low': -1.0, 'action_high': 1.0, 'population': 256, 'elite_fraction': 0.1, 'iterations': 5, 'seed': 1, 'init_std': 0.82, 'min_std': 0.035, 'momentum': 0.0}",1,7.807111736209965,1.0,pilot_label_calibration,0.2545187246398779,pilot calibrated
cem_combined_repair,6.785128584645658,6.878088401241347,6.878088401198733,1280,0.8510447366776566,4.261391239879231e-11,5.775972520784587e-10,1.0825160744505538e-12,0.0472372079949739,0.2316534205469248,1.736075718452091,0.335897459793041,"{'horizon': 8, 'action_dim': 1, 'action_low': -1.0, 'action_high': 1.0, 'population': 256, 'elite_fraction': 0.1, 'iterations': 5, 'seed': 1, 'init_std': 0.82, 'min_std': 0.035, 'momentum': 0.0}",1,7.807111736209965,1.0,combined,0.929023335011232,combined repair
random_shooting,5.331894343658237,5.331894343658237,-4.3387088420102256,256,-0.5511324179807342,9.670603185668462,5.318669000960876,0.3438568576372071,0.8462563283185125,0.5733231372668768,0.4228741551339203,0.5733231372668768,"{'horizon': 8, 'action_dim': 1, 'action_low': -1.0, 'action_high': 1.0, 'population': 256, 'elite_fraction': 0.1, 'iterations': 5, 'seed': 2, 'init_std': 0.82, 'min_std': 0.035, 'momentum': 0.0}",2,7.805250016896396,1.0,,12.143958858906622,random shooting
static_proposal,5.483350540781095,5.483350540781095,5.483350540781183,256,1.0,-8.79296635503124e-14,5.491524704156324,0.3572640868708193,0.8871136676814615,0.625790978519718,0.588492583231219,0.625790978519718,"{'horizon': 8, 'action_dim': 1, 'action_low': -1.0, 'action_high': 1.0, 'population': 256, 'elite_fraction': 0.1, 'iterations': 5, 'seed': 2, 'init_std': 0.82, 'min_std': 0.035, 'momentum': 0.0}",2,7.805250016896396,1.0,,2.321899476115213,static proposal
static_equal_budget,5.711307684026472,5.711307684026472,5.711307550001362,1280,0.2008474932549959,1.340251092329936e-07,4.456074906543105,0.288491539588396,0.7466743281177037,0.6631712444143113,0.268763361160328,0.6631712444143113,"{'horizon': 8, 'action_dim': 1, 'action_low': -1.0, 'action_high': 1.0, 'population': 1280, 'elite_fraction': 0.1, 'iterations': 5, 'seed': 2, 'init_std': 0.82, 'min_std': 0.035, 'momentum': 0.0}",2,7.805250016896396,1.0,,2.093942466895034,equal-budget static
cem,7.969642209348529,7.969642209348529,-6.3868751608113925,1280,-0.5053310227970568,14.35651737015992,13.375000310225618,0.8025191651688421,1.834305747016892,0.107472678750242,1.105648845365954,0.107472678750242,"{'horizon': 8, 'action_dim': 1, 'action_low': -1.0, 'action_high': 1.0, 'population': 256, 'elite_fraction': 0.1, 'iterations': 5, 'seed': 2, 'init_std': 0.82, 'min_std': 0.035, 'momentum': 0.0}",2,7.805250016896396,1.0,none,14.192125177707789,vanilla CEM
cem_uncertainty,7.356856484127432,7.404423339239629,7.404423339236255,1280,0.9074415615028916,3.374189816440776e-12,6.347923895934679e-11,1.9293223447896945e-14,0.0407733425083658,0.1432532364232932,1.7063908364251363,0.1432532364232932,"{'horizon': 8, 'action_dim': 1, 'action_low': -1.0, 'action_high': 1.0, 'population': 256, 'elite_fraction': 0.1, 'iterations': 5, 'seed': 2, 'init_std': 0.82, 'min_std': 0.035, 'momentum': 0.0}",2,7.805250016896396,1.0,uncertainty_pessimism,0.4008266776601417,uncertainty CEM
cem_diversity,7.539815676009248,7.539815676009248,-5.404786047156934,1280,-0.6562227451549647,12.944601723166182,9.715464351766585,0.6077629592484228,1.4758820484705617,0.3221620276648859,1.2248976876357027,0.3221620276648859,"{'horizon': 8, 'action_dim': 1, 'action_low': -1.0, 'action_high': 1.0, 'population': 256, 'elite_fraction': 0.1, 'iterations': 5, 'seed': 2, 'init_std': 0.82, 'min_std': 0.035, 'momentum': 0.0}",2,7.805250016896396,1.0,elite_diversity_floor,13.21003606405333,diversity floor
cem_veto,7.644455265972572,7.644455265972572,7.644455265968707,1280,0.9365868213656128,3.864464304115245e-12,9.022492155106822e-12,1.2080074528436189e-15,0.0349884636420385,0.0948319658121253,1.7101120854332872,0.0948319658121253,"{'horizon': 8, 'action_dim': 1, 'action_low': -1.0, 'action_high': 1.0, 'population': 256, 'elite_fraction': 0.1, 'iterations': 5, 'seed': 2, 'init_std': 0.82, 'min_std': 0.035, 'momentum': 0.0}",2,7.805250016896396,1.0,model_disagreement_veto,0.160794750927689,disagreement veto
cem_shadow,7.273780796363238,8.058250545989923,-6.478030657324404,1280,-0.6737403130895283,14.536281203314328,12.861865366752893,0.781491428112794,1.7869098465988662,0.1377367109638682,1.1160541460031714,0.1377367109638682,"{'horizon': 8, 'action_dim': 1, 'action_low': -1.0, 'action_high': 1.0, 'population': 256, 'elite_fraction': 0.1, 'iterations': 5, 'seed': 2, 'init_std': 0.82, 'min_std': 0.035, 'momentum': 0.0}",2,7.805250016896396,1.0,shadow_realism,14.2832806742208,shadow realism
cem_conservative,5.483350540781095,5.483350540781095,5.483350540781183,1280,1.0,-8.79296635503124e-14,1.3910756863630214,0.0913515254794624,0.2940912673863343,0.6386659077462377,1.2781698285093364,1.1495986339432278,"{'horizon': 8, 'action_dim': 1, 'action_low': -1.0, 'action_high': 1.0, 'population': 256, 'elite_fraction': 0.1, 'iterations': 5, 'seed': 2, 'init_std': 0.82, 'min_std': 0.035, 'momentum': 0.0}",2,7.805250016896396,1.0,conservative_refit_temperature,2.321899476115213,conservative CEM
cem_pilot_calibrated,7.590117612127263,7.590117612127263,7.590117612123011,1280,1.0,4.2517100951045e-12,1.7059550353556354e-11,2.020659824325672e-15,0.0337238760068288,0.0911782254832669,1.6899978158871931,0.0911782254832669,"{'horizon': 8, 'action_dim': 1, 'action_low': -1.0, 'action_high': 1.0, 'population': 256, 'elite_fraction': 0.1, 'iterations': 5, 'seed': 2, 'init_std': 0.82, 'min_std': 0.035, 'momentum': 0.0}",2,7.805250016896396,1.0,pilot_label_calibration,0.2151324047733851,pilot calibrated
cem_combined_repair,6.990531897344841,7.075237230348412,7.075237230317793,1280,0.8302301491888799,3.061906284074212e-11,1.896584769575873e-10,3.833770106647413e-13,0.0504915032732455,0.2450996177457226,1.7291898323863253,0.3553944457312977,"{'horizon': 8, 'action_dim': 1, 'action_low': -1.0, 'action_high': 1.0, 'population': 256, 'elite_fraction': 0.1, 'iterations': 5, 'seed': 2, 'init_std': 0.82, 'min_std': 0.035, 'momentum': 0.0}",2,7.805250016896396,1.0,combined,0.7300127865786035,combined repair
random_shooting,5.27787901597685,5.27787901597685,-4.3398473681366445,256,-0.2991923862123828,9.617726384113494,4.630021488203242,0.305052515510282,0.7698315867760868,0.5697587896563651,0.2305615406075918,0.5697587896563651,"{'horizon': 8, 'action_dim': 1, 'action_low': -1.0, 'action_high': 1.0, 'population': 256, 'elite_fraction': 0.1, 'iterations': 5, 'seed': 3, 'init_std': 0.82, 'min_std': 0.035, 'momentum': 0.0}",3,7.807605775972178,0.99834239909575,,12.147453144108823,random shooting
static_proposal,6.068386667841862,6.068386667841862,6.0683866673108735,256,0.6404967221339198,5.309885864335229e-10,4.166041906035344,0.2695642135371217,0.7056890272783851,0.6347297927039423,0.312103857395242,0.6347297927039423,"{'horizon': 8, 'action_dim': 1, 'action_low': -1.0, 'action_high': 1.0, 'population': 256, 'elite_fraction': 0.1, 'iterations': 5, 'seed': 3, 'init_std': 0.82, 'min_std': 0.035, 'momentum': 0.0}",3,7.807605775972178,0.99834239909575,,1.7392191086613042,static proposal
static_equal_budget,6.068386667841862,6.068386667841862,6.0683866673108735,1280,0.6404967221339198,5.309885864335229e-10,4.371740777771491,0.2844065066914353,0.7412194093384634,0.6641971590129103,0.241159642433388,0.6641971590129103,"{'horizon': 8, 'action_dim': 1, 'action_low': -1.0, 'action_high': 1.0, 'population': 1280, 'elite_fraction': 0.1, 'iterations': 5, 'seed': 3, 'init_std': 0.82, 'min_std': 0.035, 'momentum': 0.0}",3,7.807605775972178,0.99834239909575,,1.7392191086613042,equal-budget static
cem,7.563071351702149,7.563071351702149,-6.093600667011161,1280,-0.7032565223703265,13.65667201871331,11.470647654741043,0.7192855554539352,1.6905806719382084,0.2026739325095907,1.2421595419311573,0.2026739325095907,"{'horizon': 8, 'action_dim': 1, 'action_low': -1.0, 'action_high': 1.0, 'population': 256, 'elite_fraction': 0.1, 'iterations': 5, 'seed': 3, 'init_std': 0.82, 'min_std': 0.035, 'momentum': 0.0}",3,7.807605775972178,0.99834239909575,none,13.90120644298334,vanilla CEM
cem_uncertainty,7.479790151848942,7.527479906780491,7.527479906778209,1280,1.0,2.2817303602096217e-12,3.211523354943543e-11,7.776927586123412e-15,0.0346106216849467,0.096285932602072,1.6705307460868697,0.096285932602072,"{'horizon': 8, 'action_dim': 1, 'action_low': -1.0, 'action_high': 1.0, 'population': 256, 'elite_fraction': 0.1, 'iterations': 5, 'seed': 3, 'init_std': 0.82, 'min_std': 0.035, 'momentum': 0.0}",3,7.807605775972178,0.99834239909575,uncertainty_pessimism,0.2801258691939683,uncertainty CEM
cem_diversity,7.150327568323397,7.150327568323397,-5.2334002746433725,1280,-1.0,12.38372784296677,9.385742731959088,0.5900405632052854,1.4422751519500414,0.3165391750592755,1.1555179570575946,0.3165391750592755,"{'horizon': 8, 'action_dim': 1, 'action_low': -1.0, 'action_high': 1.0, 'population': 256, 'elite_fraction': 0.1, 'iterations': 5, 'seed': 3, 'init_std': 0.82, 'min_std': 0.035, 'momentum': 0.0}",3,7.807605775972178,0.99834239909575,elite_diversity_floor,13.04100605061555,diversity floor
cem_veto,7.53845308631085,7.53845308631085,7.538453086308244,1280,0.9799258857155216,2.605915483400168e-12,2.8958989052905684e-11,5.210477121629879e-15,0.0333844036152704,0.0873878341295235,1.670273692939617,0.0873878341295235,"{'horizon': 8, 'action_dim': 1, 'action_low': -1.0, 'action_high': 1.0, 'population': 256, 'elite_fraction': 0.1, 'iterations': 5, 'seed': 3, 'init_std': 0.82, 'min_std': 0.035, 'momentum': 0.0}",3,7.807605775972178,0.99834239909575,model_disagreement_veto,0.269152689663934,disagreement veto
cem_shadow,5.960667289360884,6.068386667841862,6.0683866673108735,1280,0.6404967221339198,5.309885864335229e-10,2.425816701504255,0.1647974292061294,0.4658566916562836,0.550407925314407,0.5766337090000095,0.550407925314407,"{'horizon': 8, 'action_dim': 1, 'action_low': -1.0, 'action_high': 1.0, 'population': 256, 'elite_fraction': 0.1, 'iterations': 5, 'seed': 3, 'init_std': 0.82, 'min_std': 0.035, 'momentum': 0.0}",3,7.807605775972178,0.99834239909575,shadow_realism,1.7392191086613042,shadow realism
cem_conservative,6.068386667841862,6.068386667841862,6.0683866673108735,1280,0.6404967221339198,5.309885864335229e-10,1.5862696390218514,0.1028468329304242,0.3205920053616805,0.6554850545703969,1.157100208083984,1.1798730982267145,"{'horizon': 8, 'action_dim': 1, 'action_low': -1.0, 'action_high': 1.0, 'population': 256, 'elite_fraction': 0.1, 'iterations': 5, 'seed': 3, 'init_std': 0.82, 'min_std': 0.035, 'momentum': 0.0}",3,7.807605775972178,0.99834239909575,conservative_refit_temperature,1.7392191086613042,conservative CEM
cem_pilot_calibrated,7.553713544672624,7.553713544672624,7.55371354466979,1280,0.970705579979637,2.8341773372631e-12,2.677567569374053e-11,4.5479995725878415e-15,0.0337697864098315,0.0857855554889508,1.6809426624101127,0.0857855554889508,"{'horizon': 8, 'action_dim': 1, 'action_low': -1.0, 'action_high': 1.0, 'population': 256, 'elite_fraction': 0.1, 'iterations': 5, 'seed': 3, 'init_std': 0.82, 'min_std': 0.035, 'momentum': 0.0}",3,7.807605775972178,0.99834239909575,pilot_label_calibration,0.2538922313023874,pilot calibrated
cem_combined_repair,7.008761012023466,7.0777752347324006,7.0777752337810425,1280,0.6271612019778618,9.51358103407074e-10,4.4166931992059787e-08,5.467710346491074e-10,0.0509674722741943,0.2589335842277741,1.7128977811385184,0.3754536971302724,"{'horizon': 8, 'action_dim': 1, 'action_low': -1.0, 'action_high': 1.0, 'population': 256, 'elite_fraction': 0.1, 'iterations': 5, 'seed': 3, 'init_std': 0.82, 'min_std': 0.035, 'momentum': 0.0}",3,7.807605775972178,0.99834239909575,combined,0.7298305421911353,combined repair
random_shooting,5.441599766291184,5.441599766291184,5.441599755695793,256,0.4863662095061805,1.0595391231049689e-08,4.5502994453937005,0.3013500626810452,0.7666454535272482,0.5842160196528804,0.4163006855784859,0.5842160196528804,"{'horizon': 8, 'action_dim': 1, 'action_low': -1.0, 'action_high': 1.0, 'population': 256, 'elite_fraction': 0.1, 'iterations': 5, 'seed': 4, 'init_std': 0.82, 'min_std': 0.035, 'momentum': 0.0}",4,7.808428259246064,1.0,,2.3668285035502707,random shooting
static_proposal,4.850911668889512,4.850911668889512,-3.8020940868099,256,-1.0,8.65300575569941,4.363555371514402,0.2894687025904769,0.7321073562644553,0.6448041205442849,0.2382847581949728,0.6448041205442849,"{'horizon': 8, 'action_dim': 1, 'action_low': -1.0, 'action_high': 1.0, 'population': 256, 'elite_fraction': 0.1, 'iterations': 5, 'seed': 4, 'init_std': 0.82, 'min_std': 0.035, 'momentum': 0.0}",4,7.808428259246064,1.0,,11.610522346055964,static proposal
static_equal_budget,5.743835908290903,5.743835908290903,5.743835908288869,1280,1.0,2.0339285811132868e-12,4.127512158307091,0.2683486022496041,0.6980022583847701,0.6557651692716184,0.2213549370482443,0.6557651692716184,"{'horizon': 8, 'action_dim': 1, 'action_low': -1.0, 'action_high': 1.0, 'population': 1280, 'elite_fraction': 0.1, 'iterations': 5, 'seed': 4, 'init_std': 0.82, 'min_std': 0.035, 'momentum': 0.0}",4,7.808428259246064,1.0,,2.064592350957195,equal-budget static
cem,6.785591685237977,6.785591685237977,-5.359598564949677,1280,-0.6140415568544207,12.145190250187651,9.916573486195366,0.6273230269741212,1.5351382471992825,0.3188116290541343,1.194071893181612,0.3188116290541343,"{'horizon': 8, 'action_dim': 1, 'action_low': -1.0, 'action_high': 1.0, 'population': 256, 'elite_fraction': 0.1, 'iterations': 5, 'seed': 4, 'init_std': 0.82, 'min_std': 0.035, 'momentum': 0.0}",4,7.808428259246064,1.0,none,13.168026824195742,vanilla CEM
cem_uncertainty,7.57443756253842,7.620689130153402,7.620689130152135,1280,0.996495227167085,1.267430604912079e-12,7.75887046918692e-11,2.245042126478305e-14,0.0349310607634091,0.1115511420349332,1.6661613532794983,0.1115511420349332,"{'horizon': 8, 'action_dim': 1, 'action_low': -1.0, 'action_high': 1.0, 'population': 256, 'elite_fraction': 0.1, 'iterations': 5, 'seed': 4, 'init_std': 0.82, 'min_std': 0.035, 'momentum': 0.0}",4,7.808428259246064,1.0,uncertainty_pessimism,0.1877391290939289,uncertainty CEM
cem_diversity,6.934714174790531,6.934714174790531,-5.388034757400517,1280,-1.0,12.322748932191049,9.78584680655667,0.6169173998380616,1.477859559048238,0.3414893077096123,1.1966124404374834,0.3414893077096123,"{'horizon': 8, 'action_dim': 1, 'action_low': -1.0, 'action_high': 1.0, 'population': 256, 'elite_fraction': 0.1, 'iterations': 5, 'seed': 4, 'init_std': 0.82, 'min_std': 0.035, 'momentum': 0.0}",4,7.808428259246064,1.0,elite_diversity_floor,13.19646301664658,diversity floor
cem_veto,7.645072667950331,7.645072667950331,7.645072667946997,1280,1.0,3.3342217875542697e-12,1.3935997655013264e-11,1.7834137034330706e-15,0.0355682194017332,0.1093622937316139,1.6915871639983164,0.1093622937316139,"{'horizon': 8, 'action_dim': 1, 'action_low': -1.0, 'action_high': 1.0, 'population': 256, 'elite_fraction': 0.1, 'iterations': 5, 'seed': 4, 'init_std': 0.82, 'min_std': 0.035, 'momentum': 0.0}",4,7.808428259246064,1.0,model_disagreement_veto,0.1633555912990667,disagreement veto
cem_shadow,7.555036245365649,7.635466334366185,7.635466334363386,1280,1.0,2.7986502004750946e-12,1.24483632632724e-08,5.7573985473472135e-11,0.0405484295799942,0.1754263631385075,1.641889157519847,0.1754263631385075,"{'horizon': 8, 'action_dim': 1, 'action_low': -1.0, 'action_high': 1.0, 'population': 256, 'elite_fraction': 0.1, 'iterations': 5, 'seed': 4, 'init_std': 0.82, 'min_std': 0.035, 'momentum': 0.0}",4,7.808428259246064,1.0,shadow_realism,0.1729619248826779,shadow realism
cem_conservative,6.600944437534388,6.600944437534388,6.6009444375308135,1280,1.0,3.574918139293004e-12,1.5390846128045206,0.0996809610145981,0.3070485914844434,0.6144810105475021,1.212961251229172,1.106065818985504,"{'horizon': 8, 'action_dim': 1, 'action_low': -1.0, 'action_high': 1.0, 'population': 256, 'elite_fraction': 0.1, 'iterations': 5, 'seed': 4, 'init_std': 0.82, 'min_std': 0.035, 'momentum': 0.0}",4,7.808428259246064,1.0,conservative_refit_temperature,1.2074838217152504,conservative CEM
cem_pilot_calibrated,7.649007462770731,7.649007462770731,7.64900746276742,1280,1.0,3.311129148642067e-12,2.141282023488272e-11,1.943150377398657e-15,0.0358083151572218,0.1040853062356136,1.6742344553461732,0.1040853062356136,"{'horizon': 8, 'action_dim': 1, 'action_low': -1.0, 'action_high': 1.0, 'population': 256, 'elite_fraction': 0.1, 'iterations': 5, 'seed': 4, 'init_std': 0.82, 'min_std': 0.035, 'momentum': 0.0}",4,7.808428259246064,1.0,pilot_label_calibration,0.1594207964786438,pilot calibrated
cem_combined_repair,6.917610451130691,7.014998520931785,7.014998520928618,1280,1.0,3.1672442446506466e-12,2.215470439582444e-09,2.53424219504439e-10,0.0535210326237014,0.2787563820235143,1.6844707272559163,0.4041967539340958,"{'horizon': 8, 'action_dim': 1, 'action_low': -1.0, 'action_high': 1.0, 'population': 256, 'elite_fraction': 0.1, 'iterations': 5, 'seed': 4, 'init_std': 0.82, 'min_std': 0.035, 'momentum': 0.0}",4,7.808428259246064,1.0,combined,0.793429738317446,combined repair
random_shooting,5.406600686456369,5.406600686456369,-4.536097446128626,256,-0.9084532426168676,9.942698132584995,4.788048713746101,0.3154505194454166,0.8211679861181695,0.5941974113923469,0.5345267610221595,0.5941974113923469,"{'horizon': 8, 'action_dim': 1, 'action_low': -1.0, 'action_high': 1.0, 'population': 256, 'elite_fraction': 0.1, 'iterations': 5, 'seed': 5, 'init_std': 0.82, 'min_std': 0.035, 'momentum': 0.0}",5,7.807018846698515,1.0,,12.34311629282714,random shooting
static_proposal,5.692254398517724,5.692254398517724,-3.909093804329856,256,-0.5640082258516519,9.60134820284758,4.038149058007385,0.2611547192141643,0.6943324861231629,0.6320858262131854,0.3473102480971573,0.6320858262131854,"{'horizon': 8, 'action_dim': 1, 'action_low': -1.0, 'action_high': 1.0, 'population': 256, 'elite_fraction': 0.1, 'iterations': 5, 'seed': 5, 'init_std': 0.82, 'min_std': 0.035, 'momentum': 0.0}",5,7.807018846698515,1.0,,11.716112651028372,static proposal
static_equal_budget,6.479088316089884,6.479088316089884,-5.401676546382205,1280,-0.2739832381950931,11.88076486247209,3.6912268493196807,0.2397778240143782,0.6408489277926819,0.6756321946097007,0.2297312613480949,0.6756321946097007,"{'horizon': 8, 'action_dim': 1, 'action_low': -1.0, 'action_high': 1.0, 'population': 1280, 'elite_fraction': 0.1, 'iterations': 5, 'seed': 5, 'init_std': 0.82, 'min_std': 0.035, 'momentum': 0.0}",5,7.807018846698515,1.0,,13.20869539308072,equal-budget static
cem,6.85126453737161,6.85126453737161,6.851264537349561,1280,0.8701984599225256,2.204902926905561e-11,9.481852568062372e-10,1.265539858394797e-12,0.0488627580985966,0.2188000720955124,1.6571696134410736,0.2188000720955124,"{'horizon': 8, 'action_dim': 1, 'action_low': -1.0, 'action_high': 1.0, 'population': 256, 'elite_fraction': 0.1, 'iterations': 5, 'seed': 5, 'init_std': 0.82, 'min_std': 0.035, 'momentum': 0.0}",5,7.807018846698515,1.0,none,0.9557543093489542,vanilla CEM
cem_uncertainty,7.637600606201014,7.682846023527253,7.6828460235239,1280,1.0,3.3528735343679728e-12,7.323639131037943e-11,2.5532280782147092e-14,0.0340762427037191,0.103395515191829,1.6690686652903013,0.103395515191829,"{'horizon': 8, 'action_dim': 1, 'action_low': -1.0, 'action_high': 1.0, 'population': 256, 'elite_fraction': 0.1, 'iterations': 5, 'seed': 5, 'init_std': 0.82, 'min_std': 0.035, 'momentum': 0.0}",5,7.807018846698515,1.0,uncertainty_pessimism,0.1241728231746153,uncertainty CEM
cem_diversity,6.388505946903379,6.388505946903379,-4.768186138308865,1280,-0.7662495689778998,11.156692085212244,7.333718239352117,0.4782360980785258,1.1798826149866943,0.4448711883556318,0.9602973110057124,0.4448711883556318,"{'horizon': 8, 'action_dim': 1, 'action_low': -1.0, 'action_high': 1.0, 'population': 256, 'elite_fraction': 0.1, 'iterations': 5, 'seed': 5, 'init_std': 0.82, 'min_std': 0.035, 'momentum': 0.0}",5,7.807018846698515,1.0,elite_diversity_floor,12.57520498500738,diversity floor
cem_veto,7.588873228747745,7.588873228747745,7.588873228745397,1280,1.0,2.347455563267431e-12,4.919640763144064e-11,7.827666192877828e-15,0.0332363199264825,0.0904015989060357,1.6756217738967216,0.0904015989060357,"{'horizon': 8, 'action_dim': 1, 'action_low': -1.0, 'action_high': 1.0, 'population': 256, 'elite_fraction': 0.1, 'iterations': 5, 'seed': 5, 'init_std': 0.82, 'min_std': 0.035, 'momentum': 0.0}",5,7.807018846698515,1.0,model_disagreement_veto,0.2181456179531178,disagreement veto
cem_shadow,7.689529095091995,7.766316090730001,7.766316090726597,1280,1.0,3.40438788271058e-12,5.285820875017705e-09,1.9268200152007184e-11,0.0386519772997594,0.1644243535845255,1.6525358562994403,0.1644243535845255,"{'horizon': 8, 'action_dim': 1, 'action_low': -1.0, 'action_high': 1.0, 'population': 256, 'elite_fraction': 0.1, 'iterations': 5, 'seed': 5, 'init_std': 0.82, 'min_std': 0.035, 'momentum': 0.0}",5,7.807018846698515,1.0,shadow_realism,0.0407027559719184,shadow realism
cem_conservative,5.872696857490413,5.872696857490413,5.872696857486119,1280,1.0,4.2943426592501055e-12,0.2045829075678079,0.0131739310928766,0.1083207541488604,0.5307419679911496,1.61305994742348,0.9553355423840691,"{'horizon': 8, 'action_dim': 1, 'action_low': -1.0, 'action_high': 1.0, 'population': 256, 'elite_fraction': 0.1, 'iterations': 5, 'seed': 5, 'init_std': 0.82, 'min_std': 0.035, 'momentum': 0.0}",5,7.807018846698515,1.0,conservative_refit_temperature,1.934321989212396,conservative CEM
cem_pilot_calibrated,7.537412095982584,7.537412095982584,7.5374120959633775,1280,0.8650928775977743,1.9206858326015208e-11,2.8239803657907733e-11,4.004134159193378e-15,0.0333276603419068,0.0829081155638436,1.6941018983036318,0.0829081155638436,"{'horizon': 8, 'action_dim': 1, 'action_low': -1.0, 'action_high': 1.0, 'population': 256, 'elite_fraction': 0.1, 'iterations': 5, 'seed': 5, 'init_std': 0.82, 'min_std': 0.035, 'momentum': 0.0}",5,7.807018846698515,1.0,pilot_label_calibration,0.2696067507351376,pilot calibrated
cem_combined_repair,6.980946442952526,7.067700151162351,7.067700151144444,1280,0.8686543779535549,1.7907453297993925e-11,3.085342203945629e-09,1.1285545470173364e-11,0.047497961509935,0.2452610737869739,1.7443712223635066,0.3556285569911123,"{'horizon': 8, 'action_dim': 1, 'action_low': -1.0, 'action_high': 1.0, 'population': 256, 'elite_fraction': 0.1, 'iterations': 5, 'seed': 5, 'init_std': 0.82, 'min_std': 0.035, 'momentum': 0.0}",5,7.807018846698515,1.0,combined,0.7393186955540711,combined repair
random_shooting,5.114460373311502,5.114460373311502,5.11446037328685,256,0.8802589344695904,2.465228021719668e-11,2.924280025010908,0.1866541156801075,0.5236376927058257,0.5919888622121178,0.3774759093830895,0.5919888622121178,"{'horizon': 8, 'action_dim': 1, 'action_low': -1.0, 'action_high': 1.0, 'population': 256, 'elite_fraction': 0.1, 'iterations': 5, 'seed': 6, 'init_std': 0.82, 'min_std': 0.035, 'momentum': 0.0}",6,7.808879846537591,1.0,,2.6944194732507416,random shooting
static_proposal,4.803759191496409,4.803759191496409,4.803737817092756,256,0.03975780649245,2.1374403653240392e-05,3.7766704182994495,0.2472820795828341,0.6597571554476964,0.6658697315457711,0.5054507656826294,0.6658697315457711,"{'horizon': 8, 'action_dim': 1, 'action_low': -1.0, 'action_high': 1.0, 'population': 256, 'elite_fraction': 0.1, 'iterations': 5, 'seed': 6, 'init_std': 0.82, 'min_std': 0.035, 'momentum': 0.0}",6,7.808879846537591,1.0,,3.005142029444835,static proposal
static_equal_budget,5.264259984034667,5.264259984034667,-4.122209528551628,1280,-0.1732071204988967,9.386469512586295,4.055902582195264,0.2636821558769455,0.6909778722277872,0.6770829751284642,0.1697070507126463,0.6770829751284642,"{'horizon': 8, 'action_dim': 1, 'action_low': -1.0, 'action_high': 1.0, 'population': 1280, 'elite_fraction': 0.1, 'iterations': 5, 'seed': 6, 'init_std': 0.82, 'min_std': 0.035, 'momentum': 0.0}",6,7.808879846537591,1.0,,11.931089375089218,equal-budget static
cem,6.641353297779325,6.641353297779325,-5.406091302449714,1280,-0.6631901885319745,12.04744460022904,9.8238013681116,0.6299342103897305,1.5036193851001098,0.2846942296429548,1.1712673465733483,0.2846942296429548,"{'horizon': 8, 'action_dim': 1, 'action_low': -1.0, 'action_high': 1.0, 'population': 256, 'elite_fraction': 0.1, 'iterations': 5, 'seed': 6, 'init_std': 0.82, 'min_std': 0.035, 'momentum': 0.0}",6,7.808879846537591,1.0,none,13.214971148987306,vanilla CEM
cem_uncertainty,7.5431811110547615,7.589851624967733,7.5898516249667,1280,1.0,1.0329515021112456e-12,4.4641760373801486e-11,8.267206988421677e-15,0.0349393238338476,0.1053292526575215,1.6814779654573049,0.1053292526575215,"{'horizon': 8, 'action_dim': 1, 'action_low': -1.0, 'action_high': 1.0, 'population': 256, 'elite_fraction': 0.1, 'iterations': 5, 'seed': 6, 'init_std': 0.82, 'min_std': 0.035, 'momentum': 0.0}",6,7.808879846537591,1.0,uncertainty_pessimism,0.2190282215708912,uncertainty CEM
cem_diversity,6.571075853711077,6.571075853711077,-5.418755936892414,1280,-0.5647162790209972,11.989831790603493,8.619534860427404,0.5558952082506434,1.3551192057575234,0.3406382670763497,1.1383572541470388,0.3406382670763497,"{'horizon': 8, 'action_dim': 1, 'action_low': -1.0, 'action_high': 1.0, 'population': 256, 'elite_fraction': 0.1, 'iterations': 5, 'seed': 6, 'init_std': 0.82, 'min_std': 0.035, 'momentum': 0.0}",6,7.808879846537591,1.0,elite_diversity_floor,13.227635783430006,diversity floor
cem_veto,7.627320447049539,7.627320447049539,7.627320447048447,1280,1.0,1.091571277811454e-12,2.9035269914874543e-11,4.239158172308252e-15,0.0343279297940085,0.0988183865042531,1.6927188307795178,0.0988183865042531,"{'horizon': 8, 'action_dim': 1, 'action_low': -1.0, 'action_high': 1.0, 'population': 256, 'elite_fraction': 0.1, 'iterations': 5, 'seed': 6, 'init_std': 0.82, 'min_std': 0.035, 'momentum': 0.0}",6,7.808879846537591,1.0,model_disagreement_veto,0.181559399489144,disagreement veto
cem_shadow,5.6446976860868086,5.792414930806706,5.792414930804377,1280,0.9479059990869472,2.3296919948734285e-12,1.3741668329916157,0.0905825719850426,0.2786437233857404,0.4537291872354303,1.2238488808636108,0.4537291872354303,"{'horizon': 8, 'action_dim': 1, 'action_low': -1.0, 'action_high': 1.0, 'population': 256, 'elite_fraction': 0.1, 'iterations': 5, 'seed': 6, 'init_std': 0.82, 'min_std': 0.035, 'momentum': 0.0}",6,7.808879846537591,1.0,shadow_realism,2.016464915733214,shadow realism
cem_conservative,5.600266802768147,5.600266802768147,5.600266802749191,1280,1.0,1.8955503833240076e-11,0.2530573705788689,0.0181733434899266,0.1329962508457357,0.5357489064504606,1.6413932081847478,0.9643480316108292,"{'horizon': 8, 'action_dim': 1, 'action_low': -1.0, 'action_high': 1.0, 'population': 256, 'elite_fraction': 0.1, 'iterations': 5, 'seed': 6, 'init_std': 0.82, 'min_std': 0.035, 'momentum': 0.0}",6,7.808879846537591,1.0,conservative_refit_temperature,2.2086130437884,conservative CEM
cem_pilot_calibrated,7.621522426531848,7.621522426531848,7.62152242653033,1280,1.0,1.517896919267514e-12,1.2823554184338858e-11,1.2954463912898604e-15,0.0342803493624174,0.0882926310785857,1.7032039621542157,0.0882926310785857,"{'horizon': 8, 'action_dim': 1, 'action_low': -1.0, 'action_high': 1.0, 'population': 256, 'elite_fraction': 0.1, 'iterations': 5, 'seed': 6, 'init_std': 0.82, 'min_std': 0.035, 'momentum': 0.0}",6,7.808879846537591,1.0,pilot_label_calibration,0.1873574200072614,pilot calibrated
cem_combined_repair,7.016352468499794,7.108537194023688,7.1085371940212125,1280,1.0,2.475353255704249e-12,7.840098826560593e-10,1.5679842017959022e-11,0.0483193677590501,0.2491367785315552,1.6916670695362883,0.3612483288707551,"{'horizon': 8, 'action_dim': 1, 'action_low': -1.0, 'action_high': 1.0, 'population': 256, 'elite_fraction': 0.1, 'iterations': 5, 'seed': 6, 'init_std': 0.82, 'min_std': 0.035, 'momentum': 0.0}",6,7.808879846537591,1.0,combined,0.7003426525163787,combined repair
random_shooting,5.322933827993599,5.322933827993599,-4.207105219800712,256,-0.9114524914399222,9.530039047794313,4.38314785726648,0.284774567085687,0.7184980263354658,0.5771049035011787,0.3319358628819204,0.5771049035011787,"{'horizon': 8, 'action_dim': 1, 'action_low': -1.0, 'action_high': 1.0, 'population': 256, 'elite_fraction': 0.1, 'iterations': 5, 'seed': 7, 'init_std': 0.82, 'min_std': 0.035, 'momentum': 0.0}",7,7.80785179218457,1.0,,12.01495701198528,random shooting
static_proposal,5.154150888738336,5.154150888738336,-3.8214358511729936,256,-0.5963486467469781,8.97558673991133,4.147478365442969,0.2689871854843673,0.6852984610967593,0.6583432478054235,0.2282355710584851,0.6583432478054235,"{'horizon': 8, 'action_dim': 1, 'action_low': -1.0, 'action_high': 1.0, 'population': 256, 'elite_fraction': 0.1, 'iterations': 5, 'seed': 7, 'init_std': 0.82, 'min_std': 0.035, 'momentum': 0.0}",7,7.80785179218457,1.0,,11.629287643357564,static proposal
static_equal_budget,5.646598156806268,5.646598156806268,5.646598138946622,1280,0.4266492536637564,1.7859645318196726e-08,4.475851732770325,0.2887362987180688,0.7489222525307563,0.6549768719978559,0.203544374898022,0.6549768719978559,"{'horizon': 8, 'action_dim': 1, 'action_low': -1.0, 'action_high': 1.0, 'population': 1280, 'elite_fraction': 0.1, 'iterations': 5, 'seed': 7, 'init_std': 0.82, 'min_std': 0.035, 'momentum': 0.0}",7,7.80785179218457,1.0,,2.161253653237948,equal-budget static
cem,6.060317725516973,6.060317725516973,6.060317722214265,1280,0.505454356920934,3.3027083290448904e-09,0.0004864692304866,9.664781489847052e-05,0.0743020131734636,0.3469577673570553,1.5546815249568875,0.3469577673570553,"{'horizon': 8, 'action_dim': 1, 'action_low': -1.0, 'action_high': 1.0, 'population': 256, 'elite_fraction': 0.1, 'iterations': 5, 'seed': 7, 'init_std': 0.82, 'min_std': 0.035, 'momentum': 0.0}",7,7.80785179218457,1.0,none,1.747534069970305,vanilla CEM
cem_uncertainty,7.525077017837458,7.57138164498881,7.5713816449860385,1280,0.9517533291685396,2.772004847884091e-12,4.0578002496588924e-11,1.1900164887236878e-14,0.0337647245037491,0.0987336860712076,1.6909585698170408,0.0987336860712076,"{'horizon': 8, 'action_dim': 1, 'action_low': -1.0, 'action_high': 1.0, 'population': 256, 'elite_fraction': 0.1, 'iterations': 5, 'seed': 7, 'init_std': 0.82, 'min_std': 0.035, 'momentum': 0.0}",7,7.80785179218457,1.0,uncertainty_pessimism,0.2364701471985313,uncertainty CEM
cem_diversity,6.728478228935666,6.728478228935666,-5.154111806324053,1280,-0.4428744852843006,11.88259003525972,7.805642002511287,0.5139544316301524,1.252735484938739,0.4023458071452051,1.1227248673283596,0.4023458071452051,"{'horizon': 8, 'action_dim': 1, 'action_low': -1.0, 'action_high': 1.0, 'population': 256, 'elite_fraction': 0.1, 'iterations': 5, 'seed': 7, 'init_std': 0.82, 'min_std': 0.035, 'momentum': 0.0}",7,7.80785179218457,1.0,elite_diversity_floor,12.961963598508625,diversity floor
cem_veto,7.658361697847118,7.658361697847118,7.658361697845001,1280,0.984788362433436,2.1174173525650986e-12,2.0534138492131697e-11,4.316107941770491e-15,0.0328985253490227,0.0803811501852995,1.7032854565813482,0.0803811501852995,"{'horizon': 8, 'action_dim': 1, 'action_low': -1.0, 'action_high': 1.0, 'population': 256, 'elite_fraction': 0.1, 'iterations': 5, 'seed': 7, 'init_std': 0.82, 'min_std': 0.035, 'momentum': 0.0}",7,7.80785179218457,1.0,model_disagreement_veto,0.1494900943395691,disagreement veto
cem_shadow,7.325489613485121,7.407346890699135,7.407346890694421,1280,0.8977492613594515,4.714451051768265e-12,7.97588286015018e-10,1.2219356651661445e-12,0.0362527432184189,0.1514086709903629,1.6325134443345375,0.1514086709903629,"{'horizon': 8, 'action_dim': 1, 'action_low': -1.0, 'action_high': 1.0, 'population': 256, 'elite_fraction': 0.1, 'iterations': 5, 'seed': 7, 'init_std': 0.82, 'min_std': 0.035, 'momentum': 0.0}",7,7.80785179218457,1.0,shadow_realism,0.4005049014901489,shadow realism
cem_conservative,6.145965700090723,6.145965700090723,6.14596570008961,1280,1.0,1.112887559884257e-12,2.949464188813931,0.1922462960048363,0.5198770352547165,0.7709657944888177,0.4543382756290435,1.387738430079872,"{'horizon': 8, 'action_dim': 1, 'action_low': -1.0, 'action_high': 1.0, 'population': 256, 'elite_fraction': 0.1, 'iterations': 5, 'seed': 7, 'init_std': 0.82, 'min_std': 0.035, 'momentum': 0.0}",7,7.80785179218457,1.0,conservative_refit_temperature,1.66188609209496,conservative CEM
cem_pilot_calibrated,7.757340660517679,7.757340660517679,7.757340660514973,1280,0.990832131311409,2.7053914664065815e-12,8.817869511491293e-12,1.1621326832443916e-15,0.0327923676497719,0.0712164107969909,1.7129824309886934,0.0712164107969909,"{'horizon': 8, 'action_dim': 1, 'action_low': -1.0, 'action_high': 1.0, 'population': 256, 'elite_fraction': 0.1, 'iterations': 5, 'seed': 7, 'init_std': 0.82, 'min_std': 0.035, 'momentum': 0.0}",7,7.80785179218457,1.0,pilot_label_calibration,0.0505111316695963,pilot calibrated
cem_combined_repair,6.984471718699745,7.057326084737594,7.057326084480678,1280,0.6709070025487271,2.5691537786087787e-10,4.7121588682312685e-11,3.582374497852052e-14,0.0484999403940033,0.2300291096627119,1.7468761760787614,0.3335422090109322,"{'horizon': 8, 'action_dim': 1, 'action_low': -1.0, 'action_high': 1.0, 'population': 256, 'elite_fraction': 0.1, 'iterations': 5, 'seed': 7, 'init_std': 0.82, 'min_std': 0.035, 'momentum': 0.0}",7,7.80785179218457,1.0,combined,0.7505257077038916,combined repair
random_shooting,5.703650580760057,5.703650580760057,-4.51914388289194,256,-0.6209303306686387,10.222794463651995,3.559233134176526,0.233791983712722,0.6345626956448471,0.5763673856293902,0.275822346804615,0.5763673856293902,"{'horizon': 8, 'action_dim': 1, 'action_low': -1.0, 'action_high': 1.0, 'population': 256, 'elite_fraction': 0.1, 'iterations': 5, 'seed': 8, 'init_std': 0.82, 'min_std': 0.035, 'momentum': 0.0}",8,7.806368688781839,1.0,,12.32551257167378,random shooting
static_proposal,6.41334925597985,6.41334925597985,6.413349255652033,256,0.7024383666411501,3.2781688474869947e-10,4.1878216497781136,0.276300202531037,0.6979438319526003,0.6639681925970755,0.2379233961323598,0.6639681925970755,"{'horizon': 8, 'action_dim': 1, 'action_low': -1.0, 'action_high': 1.0, 'population': 256, 'elite_fraction': 0.1, 'iterations': 5, 'seed': 8, 'init_std': 0.82, 'min_std': 0.035, 'momentum': 0.0}",8,7.806368688781839,1.0,,1.3930194331298065,static proposal
static_equal_budget,6.8734579575728025,6.8734579575728025,-4.748653167641844,1280,-1.0,11.622111125214646,4.170639218254557,0.2683416424837421,0.696268868125959,0.654114712189796,0.1869660190114842,0.654114712189796,"{'horizon': 8, 'action_dim': 1, 'action_low': -1.0, 'action_high': 1.0, 'population': 1280, 'elite_fraction': 0.1, 'iterations': 5, 'seed': 8, 'init_std': 0.82, 'min_std': 0.035, 'momentum': 0.0}",8,7.806368688781839,1.0,,12.555021856423682,equal-budget static
cem,7.458568061942755,7.458568061942755,-6.481580229068321,1280,-1.0,13.940148291011075,11.558785146352765,0.7134898228658157,1.7391891324067288,0.2023158638924346,1.1617483728316371,0.2023158638924346,"{'horizon': 8, 'action_dim': 1, 'action_low': -1.0, 'action_high': 1.0, 'population': 256, 'elite_fraction': 0.1, 'iterations': 5, 'seed': 8, 'init_std': 0.82, 'min_std': 0.035, 'momentum': 0.0}",8,7.806368688781839,1.0,none,14.28794891785016,vanilla CEM
cem_uncertainty,7.385460983884041,7.433589650504586,7.433589650495885,1280,0.9304671364720896,8.700595799382427e-12,2.558121236207766e-11,2.667811853765093e-15,0.0351302344753479,0.0992730596879801,1.6670574296829126,0.0992730596879801,"{'horizon': 8, 'action_dim': 1, 'action_low': -1.0, 'action_high': 1.0, 'population': 256, 'elite_fraction': 0.1, 'iterations': 5, 'seed': 8, 'init_std': 0.82, 'min_std': 0.035, 'momentum': 0.0}",8,7.806368688781839,1.0,uncertainty_pessimism,0.3727790382859544,uncertainty CEM
cem_diversity,7.208024756387027,7.208024756387027,-5.728552348740992,1280,-0.6654078330584687,12.93657710512802,9.602644457608866,0.6025324696182418,1.4732170019110318,0.3118484764081474,1.1230792329114592,0.3118484764081474,"{'horizon': 8, 'action_dim': 1, 'action_low': -1.0, 'action_high': 1.0, 'population': 256, 'elite_fraction': 0.1, 'iterations': 5, 'seed': 8, 'init_std': 0.82, 'min_std': 0.035, 'momentum': 0.0}",8,7.806368688781839,1.0,elite_diversity_floor,13.534921037522832,diversity floor
cem_veto,7.539856493183597,7.539856493183597,7.539856493179171,1280,1.0,4.426681243785424e-12,4.121062465637456e-11,6.178837527185733e-15,0.0338559464324366,0.0871904299571206,1.648736809402711,0.0871904299571206,"{'horizon': 8, 'action_dim': 1, 'action_low': -1.0, 'action_high': 1.0, 'population': 256, 'elite_fraction': 0.1, 'iterations': 5, 'seed': 8, 'init_std': 0.82, 'min_std': 0.035, 'momentum': 0.0}",8,7.806368688781839,1.0,model_disagreement_veto,0.2665121956026688,disagreement veto
cem_shadow,7.034869439322781,7.130468093763193,7.1304680937584415,1280,0.9695663566829152,4.75175454539567e-12,5.711469246268035e-10,1.1784726697215148e-12,0.046973914149737,0.1932855609351147,1.6117371483395535,0.1932855609351147,"{'horizon': 8, 'action_dim': 1, 'action_low': -1.0, 'action_high': 1.0, 'population': 256, 'elite_fraction': 0.1, 'iterations': 5, 'seed': 8, 'init_std': 0.82, 'min_std': 0.035, 'momentum': 0.0}",8,7.806368688781839,1.0,shadow_realism,0.675900595023398,shadow realism
cem_conservative,6.41334925597985,6.41334925597985,6.413349255652033,1280,0.7024383666411501,3.2781688474869947e-10,1.1803744789445605,0.0791674310171887,0.2629780780349585,0.6643326899368315,1.1791810233051223,1.1957988418862968,"{'horizon': 8, 'action_dim': 1, 'action_low': -1.0, 'action_high': 1.0, 'population': 256, 'elite_fraction': 0.1, 'iterations': 5, 'seed': 8, 'init_std': 0.82, 'min_std': 0.035, 'momentum': 0.0}",8,7.806368688781839,1.0,conservative_refit_temperature,1.3930194331298065,conservative CEM
cem_pilot_calibrated,7.562402921525548,7.562402921525548,7.562402921517462,1280,0.9374761481024084,8.08597633294994e-12,1.909013118524154e-11,1.7001130129915349e-15,0.0335287118701065,0.079593246674449,1.6756208912941524,0.079593246674449,"{'horizon': 8, 'action_dim': 1, 'action_low': -1.0, 'action_high': 1.0, 'population': 256, 'elite_fraction': 0.1, 'iterations': 5, 'seed': 8, 'init_std': 0.82, 'min_std': 0.035, 'momentum': 0.0}",8,7.806368688781839,1.0,pilot_label_calibration,0.2439657672643775,pilot calibrated
cem_combined_repair,6.685261663911797,6.788471379884191,6.78847137988178,1280,1.0,2.41140440948584e-12,2.72928688196736e-10,2.615715744434201e-11,0.0514503051221687,0.2739678549124675,1.6943831111055758,0.3972533896230778,"{'horizon': 8, 'action_dim': 1, 'action_low': -1.0, 'action_high': 1.0, 'population': 256, 'elite_fraction': 0.1, 'iterations': 5, 'seed': 8, 'init_std': 0.82, 'min_std': 0.035, 'momentum': 0.0}",8,7.806368688781839,1.0,combined,1.0178973089000598,combined repair
random_shooting,5.032311765827666,5.032311765827666,-3.7151598240825767,256,-0.6044844934104867,8.747471589910242,4.728082056458183,0.3049147768377684,0.7962896950798096,0.5626269905494692,0.4199586506169073,0.5626269905494692,"{'horizon': 8, 'action_dim': 1, 'action_low': -1.0, 'action_high': 1.0, 'population': 256, 'elite_fraction': 0.1, 'iterations': 5, 'seed': 9, 'init_std': 0.82, 'min_std': 0.035, 'momentum': 0.0}",9,7.805718340887081,1.0,,11.520878164969655,random shooting
static_proposal,4.890556276376652,4.890556276376652,4.890556276375018,256,1.0,1.6342482922482304e-12,4.177088722571927,0.2708333778946198,0.7321710541864745,0.6663926668048511,0.3216054635983664,0.6663926668048511,"{'horizon': 8, 'action_dim': 1, 'action_low': -1.0, 'action_high': 1.0, 'population': 256, 'elite_fraction': 0.1, 'iterations': 5, 'seed': 9, 'init_std': 0.82, 'min_std': 0.035, 'momentum': 0.0}",9,7.805718340887081,1.0,,2.915162064512063,static proposal
static_equal_budget,5.510170601166754,5.510170601166754,-4.489078662897443,1280,0.3803617989419704,9.999249264064195,4.370477102193059,0.2848169077624165,0.7487443150057788,0.6756446349499532,0.2231185098538471,0.6756446349499532,"{'horizon': 8, 'action_dim': 1, 'action_low': -1.0, 'action_high': 1.0, 'population': 1280, 'elite_fraction': 0.1, 'iterations': 5, 'seed': 9, 'init_std': 0.82, 'min_std': 0.035, 'momentum': 0.0}",9,7.805718340887081,1.0,,12.294797003784524,equal-budget static
cem,7.985300652633739,7.985300652633739,-5.989772485442214,1280,-0.6972440500697659,13.975073138075953,11.229629993590615,0.6915561723561457,1.6475098544454203,0.212388090190128,1.1774085016747529,0.212388090190128,"{'horizon': 8, 'action_dim': 1, 'action_low': -1.0, 'action_high': 1.0, 'population': 256, 'elite_fraction': 0.1, 'iterations': 5, 'seed': 9, 'init_std': 0.82, 'min_std': 0.035, 'momentum': 0.0}",9,7.805718340887081,1.0,none,13.795490826329296,vanilla CEM
cem_uncertainty,7.472558524723602,7.518270564031417,7.5182705640264995,1280,0.9076748354452132,4.9178439098795934e-12,1.9075749526984088e-11,4.393181268504112e-15,0.0346461380235177,0.0999411850953424,1.6931400465641842,0.0999411850953424,"{'horizon': 8, 'action_dim': 1, 'action_low': -1.0, 'action_high': 1.0, 'population': 256, 'elite_fraction': 0.1, 'iterations': 5, 'seed': 9, 'init_std': 0.82, 'min_std': 0.035, 'momentum': 0.0}",9,7.805718340887081,1.0,uncertainty_pessimism,0.2874477768605814,uncertainty CEM
cem_diversity,7.677943822915016,7.677943822915016,-5.88971406939536,1280,-0.7165376495445392,13.567657892310375,9.506100924751696,0.604119537290807,1.4154978515818468,0.3151644904092469,1.1187626767969885,0.3151644904092469,"{'horizon': 8, 'action_dim': 1, 'action_low': -1.0, 'action_high': 1.0, 'population': 256, 'elite_fraction': 0.1, 'iterations': 5, 'seed': 9, 'init_std': 0.82, 'min_std': 0.035, 'momentum': 0.0}",9,7.805718340887081,1.0,elite_diversity_floor,13.69543241028244,diversity floor
cem_veto,7.622882433347937,7.622882433347937,7.622882433340087,1280,0.9062837488932032,7.849720873309707e-12,1.689059148956263e-11,2.7276636947551186e-15,0.034078262689708,0.0931389867502455,1.6974704207399471,0.0931389867502455,"{'horizon': 8, 'action_dim': 1, 'action_low': -1.0, 'action_high': 1.0, 'population': 256, 'elite_fraction': 0.1, 'iterations': 5, 'seed': 9, 'init_std': 0.82, 'min_std': 0.035, 'momentum': 0.0}",9,7.805718340887081,1.0,model_disagreement_veto,0.1828359075469938,disagreement veto
cem_shadow,5.243846956064685,5.962551208676296,-4.688817596766713,1280,-0.9667813934280298,10.65136880544301,4.558259519511576,0.3012709443013691,0.7697534830975961,0.4989159033243124,0.7697426425414495,0.4989159033243124,"{'horizon': 8, 'action_dim': 1, 'action_low': -1.0, 'action_high': 1.0, 'population': 256, 'elite_fraction': 0.1, 'iterations': 5, 'seed': 9, 'init_std': 0.82, 'min_std': 0.035, 'momentum': 0.0}",9,7.805718340887081,1.0,shadow_realism,12.494535937653794,shadow realism
cem_conservative,6.659136721445206,6.659136721445206,6.659136721441429,1280,1.0,3.776534640564933e-12,1.6435248205266528,0.1075834857856375,0.3483281906216836,0.728711202775491,0.924715467902848,1.3116801649958838,"{'horizon': 8, 'action_dim': 1, 'action_low': -1.0, 'action_high': 1.0, 'population': 256, 'elite_fraction': 0.1, 'iterations': 5, 'seed': 9, 'init_std': 0.82, 'min_std': 0.035, 'momentum': 0.0}",9,7.805718340887081,1.0,conservative_refit_temperature,1.1465816194456515,conservative CEM
cem_pilot_calibrated,7.657598816145347,7.657598816145347,7.657598816141082,1280,0.9323772293738632,4.2650327714000006e-12,1.0010249039938713e-11,1.0091723110673633e-15,0.0338231250901198,0.081380844965079,1.6971250587341826,0.081380844965079,"{'horizon': 8, 'action_dim': 1, 'action_low': -1.0, 'action_high': 1.0, 'population': 256, 'elite_fraction': 0.1, 'iterations': 5, 'seed': 9, 'init_std': 0.82, 'min_std': 0.035, 'momentum': 0.0}",9,7.805718340887081,1.0,pilot_label_calibration,0.148119524745999,pilot calibrated
cem_combined_repair,6.997020043954271,7.090762675867446,7.090762675862862,1280,1.0,4.583888824072346e-12,1.3844500554518811e-08,1.2410771724476212e-10,0.0491868606394176,0.2338289778890439,1.7221556663327504,0.3390520179391136,"{'horizon': 8, 'action_dim': 1, 'action_low': -1.0, 'action_high': 1.0, 'population': 256, 'elite_fraction': 0.1, 'iterations': 5, 'seed': 9, 'init_std': 0.82, 'min_std': 0.035, 'momentum': 0.0}",9,7.805718340887081,1.0,combined,0.7149556650242186,combined repair
random_shooting,5.282172282520298,5.282172282520298,5.282172282496752,256,0.8579865347723625,2.354560990625032e-11,4.650263808924775,0.3022156432170401,0.7710803860647272,0.5875565103479875,0.3610405879449747,0.5875565103479875,"{'horizon': 8, 'action_dim': 1, 'action_low': -1.0, 'action_high': 1.0, 'population': 256, 'elite_fraction': 0.1, 'iterations': 5, 'seed': 10, 'init_std': 0.82, 'min_std': 0.035, 'momentum': 0.0}",10,7.806183802514703,1.0,,2.5240115200179503,random shooting
static_proposal,5.577854701947984,5.577854701947984,5.577854701870245,256,1.0,7.773870436267316e-11,5.289972911396124,0.3453751123991273,0.8660558526641652,0.6148748264317573,0.5508082318479576,0.6148748264317573,"{'horizon': 8, 'action_dim': 1, 'action_low': -1.0, 'action_high': 1.0, 'population': 256, 'elite_fraction': 0.1, 'iterations': 5, 'seed': 10, 'init_std': 0.82, 'min_std': 0.035, 'momentum': 0.0}",10,7.806183802514703,1.0,,2.2283291006444577,static proposal
static_equal_budget,5.577854701947984,5.577854701947984,5.577854701870245,1280,1.0,7.773870436267316e-11,4.84008590175953,0.3140122112970889,0.8160384556325333,0.6376283006371124,0.3160040498272848,0.6376283006371124,"{'horizon': 8, 'action_dim': 1, 'action_low': -1.0, 'action_high': 1.0, 'population': 1280, 'elite_fraction': 0.1, 'iterations': 5, 'seed': 10, 'init_std': 0.82, 'min_std': 0.035, 'momentum': 0.0}",10,7.806183802514703,1.0,,2.2283291006444577,equal-budget static
cem,8.259429308471075,8.259429308471075,-6.683440581775193,1280,-0.9161126644888348,14.942869890246268,13.417375185960196,0.8162683628406171,1.8673441394379984,0.1183443224229358,1.1849384343519835,0.1183443224229358,"{'horizon': 8, 'action_dim': 1, 'action_low': -1.0, 'action_high': 1.0, 'population': 256, 'elite_fraction': 0.1, 'iterations': 5, 'seed': 10, 'init_std': 0.82, 'min_std': 0.035, 'momentum': 0.0}",10,7.806183802514703,1.0,none,14.489624384289897,vanilla CEM
cem_uncertainty,7.189140958432652,7.236291398574737,7.236291398527173,1280,0.7943020913400267,4.756373073178111e-11,3.249510575150575e-09,2.1339988179334712e-11,0.0421739300179337,0.1861533710210249,1.663995938021202,0.1861533710210249,"{'horizon': 8, 'action_dim': 1, 'action_low': -1.0, 'action_high': 1.0, 'population': 256, 'elite_fraction': 0.1, 'iterations': 5, 'seed': 10, 'init_std': 0.82, 'min_std': 0.035, 'momentum': 0.0}",10,7.806183802514703,1.0,uncertainty_pessimism,0.569892403987529,uncertainty CEM
cem_diversity,8.14797687015339,8.14797687015339,-6.218767638463071,1280,-1.0,14.36674450861646,9.441609257055932,0.5981709023265016,1.4535094988671822,0.3047720526742227,1.1706722287162863,0.3047720526742227,"{'horizon': 8, 'action_dim': 1, 'action_low': -1.0, 'action_high': 1.0, 'population': 256, 'elite_fraction': 0.1, 'iterations': 5, 'seed': 10, 'init_std': 0.82, 'min_std': 0.035, 'momentum': 0.0}",10,7.806183802514703,1.0,elite_diversity_floor,14.024951440977771,diversity floor
cem_veto,7.377152205892926,7.377152205892926,7.377152205881574,1280,0.9026596083083278,1.1352696560607e-11,5.259362176537672e-11,1.6717355352817586e-14,0.0360511016029211,0.1202927125610968,1.6746921939030397,0.1202927125610968,"{'horizon': 8, 'action_dim': 1, 'action_low': -1.0, 'action_high': 1.0, 'population': 256, 'elite_fraction': 0.1, 'iterations': 5, 'seed': 10, 'init_std': 0.82, 'min_std': 0.035, 'momentum': 0.0}",10,7.806183802514703,1.0,model_disagreement_veto,0.4290315966331288,disagreement veto
cem_shadow,7.503563549355713,8.307232671619722,-6.671442599360592,1280,-0.8785229829987881,14.978675270980316,12.996020809765993,0.7943649784555422,1.814601027337081,0.1446016929286036,1.1781566450454346,0.1446016929286036,"{'horizon': 8, 'action_dim': 1, 'action_low': -1.0, 'action_high': 1.0, 'population': 256, 'elite_fraction': 0.1, 'iterations': 5, 'seed': 10, 'init_std': 0.82, 'min_std': 0.035, 'momentum': 0.0}",10,7.806183802514703,1.0,shadow_realism,14.477626401875296,shadow realism
cem_conservative,6.176823326839139,6.176823326839139,-4.66581758611209,1280,-1.0,10.842640912951229,7.020427884302051,0.4555508384902581,1.1524367421473092,0.565376523748007,1.2256013656825944,1.0176777427464123,"{'horizon': 8, 'action_dim': 1, 'action_low': -1.0, 'action_high': 1.0, 'population': 256, 'elite_fraction': 0.1, 'iterations': 5, 'seed': 10, 'init_std': 0.82, 'min_std': 0.035, 'momentum': 0.0}",10,7.806183802514703,1.0,conservative_refit_temperature,12.472001388626794,conservative CEM
cem_pilot_calibrated,7.479845732771925,7.479845732771925,7.479845732765292,1280,0.8929507097555847,6.632916438320535e-12,1.0548017160571224e-10,4.0777331145265497e-14,0.0333542520435963,0.0984066931219411,1.6678828495631408,0.0984066931219411,"{'horizon': 8, 'action_dim': 1, 'action_low': -1.0, 'action_high': 1.0, 'population': 256, 'elite_fraction': 0.1, 'iterations': 5, 'seed': 10, 'init_std': 0.82, 'min_std': 0.035, 'momentum': 0.0}",10,7.806183802514703,1.0,pilot_label_calibration,0.3263380697494105,pilot calibrated
cem_combined_repair,6.966957849301642,7.050532171012807,7.050532170998636,1280,0.8089356382467221,1.4170886686315498e-11,4.327934489422292e-09,1.1039788636630292e-11,0.04798068160046,0.2416128100666937,1.7072450365784204,0.3503385745967058,"{'horizon': 8, 'action_dim': 1, 'action_low': -1.0, 'action_high': 1.0, 'population': 256, 'elite_fraction': 0.1, 'iterations': 5, 'seed': 10, 'init_std': 0.82, 'min_std': 0.035, 'momentum': 0.0}",10,7.806183802514703,1.0,combined,0.7556516315160664,combined repair
random_shooting,5.299706153186834,5.299706153186834,-4.171322027820086,256,-0.8522316038032718,9.47102818100692,4.872610039181036,0.3208287066731703,0.8150843828174984,0.5923173476923917,0.4588623312723388,0.5923173476923917,"{'horizon': 8, 'action_dim': 1, 'action_low': -1.0, 'action_high': 1.0, 'population': 256, 'elite_fraction': 0.1, 'iterations': 5, 'seed': 11, 'init_std': 0.82, 'min_std': 0.035, 'momentum': 0.0}",11,7.805345603467448,1.0,,11.976667631287532,random shooting
static_proposal,5.2404284140426185,5.2404284140426185,-3.963561031911409,256,-0.35487826886255,9.203989445954027,4.173038153478592,0.2725610664695337,0.7200275684791392,0.6556541339887988,0.2495347072717213,0.6556541339887988,"{'horizon': 8, 'action_dim': 1, 'action_low': -1.0, 'action_high': 1.0, 'population': 256, 'elite_fraction': 0.1, 'iterations': 5, 'seed': 11, 'init_std': 0.82, 'min_std': 0.035, 'momentum': 0.0}",11,7.805345603467448,1.0,,11.768906635378858,static proposal
static_equal_budget,5.767498024468367,5.767498024468367,-3.7093473108581088,1280,-0.8941538699616015,9.476845335326477,3.943282249381795,0.2554921999696413,0.670848831836425,0.6695987054271793,0.1643986298118109,0.6695987054271793,"{'horizon': 8, 'action_dim': 1, 'action_low': -1.0, 'action_high': 1.0, 'population': 1280, 'elite_fraction': 0.1, 'iterations': 5, 'seed': 11, 'init_std': 0.82, 'min_std': 0.035, 'momentum': 0.0}",11,7.805345603467448,1.0,,11.514692914325558,equal-budget static
cem,6.679227688929787,6.679227688929787,-5.640367972829157,1280,-0.8397682250416044,12.319595661758944,7.172516449346115,0.4654788574058341,1.125289045792535,0.4439017482043927,0.9281181101808912,0.4439017482043927,"{'horizon': 8, 'action_dim': 1, 'action_low': -1.0, 'action_high': 1.0, 'population': 256, 'elite_fraction': 0.1, 'iterations': 5, 'seed': 11, 'init_std': 0.82, 'min_std': 0.035, 'momentum': 0.0}",11,7.805345603467448,1.0,none,13.445713576296605,vanilla CEM
cem_uncertainty,7.553447929427782,7.600002744715818,7.600002744711642,1280,1.0,4.176214929429989e-12,1.1046616612894956e-11,1.8812214041271948e-15,0.0370718106735714,0.0998571420684975,1.7109069373993622,0.0998571420684975,"{'horizon': 8, 'action_dim': 1, 'action_low': -1.0, 'action_high': 1.0, 'population': 256, 'elite_fraction': 0.1, 'iterations': 5, 'seed': 11, 'init_std': 0.82, 'min_std': 0.035, 'momentum': 0.0}",11,7.805345603467448,1.0,uncertainty_pessimism,0.2053428587558068,uncertainty CEM
cem_diversity,6.679227688929787,6.679227688929787,-5.640367972829157,1280,-0.8397682250416044,12.319595661758944,8.433716245658731,0.5400775686588862,1.2943662462982235,0.4115835524228867,1.0996643540808664,0.4115835524228867,"{'horizon': 8, 'action_dim': 1, 'action_low': -1.0, 'action_high': 1.0, 'population': 256, 'elite_fraction': 0.1, 'iterations': 5, 'seed': 11, 'init_std': 0.82, 'min_std': 0.035, 'momentum': 0.0}",11,7.805345603467448,1.0,elite_diversity_floor,13.445713576296605,diversity floor
cem_veto,7.57142662269788,7.57142662269788,7.571426622692654,1280,1.0,5.226041821515537e-12,7.295634182250628e-12,6.287144482557809e-16,0.0367299323938993,0.0944831894439579,1.7038052232441283,0.0944831894439579,"{'horizon': 8, 'action_dim': 1, 'action_low': -1.0, 'action_high': 1.0, 'population': 256, 'elite_fraction': 0.1, 'iterations': 5, 'seed': 11, 'init_std': 0.82, 'min_std': 0.035, 'momentum': 0.0}",11,7.805345603467448,1.0,model_disagreement_veto,0.2339189807747947,disagreement veto
cem_shadow,6.766217811887281,6.866015744688047,6.866015744685573,1280,0.9007763927838746,2.474465077284549e-12,-1.4743519225992083e-10,1.3589388486680558e-11,0.0477217427645609,0.1924631763902086,1.6952551892706245,0.1924631763902086,"{'horizon': 8, 'action_dim': 1, 'action_low': -1.0, 'action_high': 1.0, 'population': 256, 'elite_fraction': 0.1, 'iterations': 5, 'seed': 11, 'init_std': 0.82, 'min_std': 0.035, 'momentum': 0.0}",11,7.805345603467448,1.0,shadow_realism,0.9393298587818756,shadow realism
cem_conservative,6.722680700807483,6.722680700807483,6.722680700807436,1280,1.0,4.7073456244106644e-14,5.403373754584952e-07,2.237612676036448e-07,0.0711862135416281,0.3843511579242755,1.828552098896869,0.6918320842636959,"{'horizon': 8, 'action_dim': 1, 'action_low': -1.0, 'action_high': 1.0, 'population': 256, 'elite_fraction': 0.1, 'iterations': 5, 'seed': 11, 'init_std': 0.82, 'min_std': 0.035, 'momentum': 0.0}",11,7.805345603467448,1.0,conservative_refit_temperature,1.0826649026600128,conservative CEM
cem_pilot_calibrated,7.521951384643083,7.521951384643083,7.521951384638132,1280,1.0,4.950706511408498e-12,1.1098882496823464e-11,1.2549499886716436e-15,0.0368291862728452,0.0994288383851887,1.6857023051816542,0.0994288383851887,"{'horizon': 8, 'action_dim': 1, 'action_low': -1.0, 'action_high': 1.0, 'population': 256, 'elite_fraction': 0.1, 'iterations': 5, 'seed': 11, 'init_std': 0.82, 'min_std': 0.035, 'momentum': 0.0}",11,7.805345603467448,1.0,pilot_label_calibration,0.2833942188293159,pilot calibrated
cem_combined_repair,6.944906961988625,7.041159443094419,7.041159443093106,1280,1.0,1.3136158827364852e-12,4.474375400102068e-10,4.749386903943745e-13,0.0525510238922957,0.2501902240558672,1.757709010252424,0.3627758248810074,"{'horizon': 8, 'action_dim': 1, 'action_low': -1.0, 'action_high': 1.0, 'population': 256, 'elite_fraction': 0.1, 'iterations': 5, 'seed': 11, 'init_std': 0.82, 'min_std': 0.035, 'momentum': 0.0}",11,7.805345603467448,1.0,combined,0.7641861603743427,combined repair
